[ {
  "id" : "bc60f280-889b-11ea-ade0-c1616c533c4a-0",
  "name" : "Ent_Annotation.txt",
  "createdDate" : 0,
  "text" : "doctors needed\r\ndoctor needed\r\nambulance needed\r\nmedicines needed\r\nplease call\r\nplease call me back\r\nrequest to call\r\nrequest you to help\r\nrequest to respond\r\nrequest to call back\r\nPlease help\r\nplease help\r\nplease call ambulance\r\nplz help\r\nplease message\r\nplease sms\r\nguys need help\r\nguys please call\r\nplease save\r\ndoctor needed\r\ndoctors needed\r\nmedicine needed\r\nfirst aid needed\r\nstruck with\r\nstruck in\r\nstruck with family\r\ndetails required\r\ndetails needed\r\nEmergency\r\nEMERGENCY\r\nURGENT\r\nURGENCY\r\nUrgent requirement\r\npregnancy\r\nfood required\r\nmilk required\r\nCan someone call\r\nhow to\r\nhow to contact\r\nhow to communicate\r\nhow to apply\r\nhow to proceed\r\nhow to call\r\nI need an\r\nI need the\r\nI need the\r\nHe need an\r\nHe need the\r\nHe need an\r\nshe need an\r\nshe needs a \r\nshe need the\r\nplease hurry\r\nthere’s a fire\r\nthe building’s on fire\r\nCan you smell smoke\r\nI can smell burning\r\nCall the fire brigade\r\nWhere is the fire escape\r\nblood needed\r\nbleeding\r\ninjury\r\ninjurious\r\nhealth hazard\r\nunable to reach\r\nunable to call\r\nunable to get\r\nunable to breath\r\ndrowning\r\ndrown\r\nheart attack\r\ndiabetes\r\nsugar\r\nbreathlessness\r\nblood pressure\r\nhypertension\r\nlow pressure\r\nmedicines\r\noxygen\r\ninjection\r\nsyringe\r\nneedle\r\ntablet\r\ncapsule\r\nsyrup\r\nanxiety\r\nDepression\r\nnausia\r\ntremor\r\ndeath\r\ndialysis\r\nhead injury\r\nrequire milk\r\nrequire food\r\nrequesting to call\r\nrequesting to sms\r\nrequesting to message\r\nrequesting to volunteer\r\nrequest to volunteers\r\ndistribute\r\ndistribute milk\r\ndistribute water\r\ndistribute food\r\npacking food\r\nneed Volunteers\r\nneed Volunteer\r\nneed vechicle\r\nVOLUNTEERS NEEDED\r\nvolunteers\r\nvolunteers assemble\r\npeople needed\r\npeople required\r\nSOS\r\nsos\r\ncar required\r\ntaxi required\r\nno internet\r\nno battery\r\nno phone\r\nhelp wanted\r\nchallenge\r\nhavoc\r\nvoluntary contributions\r\nrescue\r\nrescue operation\r\nrescue needed\r\nkindly message\r\nkindly contact\r\nkindly reply\r\ncontact me\r\ncontact us\r\nplease ping\r\ndisaster\r\nflooded\r\nflood\r\nrain\r\nneed people\r\nneed place\r\nrisk of infection\r\nrisks\r\ndeteriorating  \r\ndeteriorated\r\ndeteriorate\r\nworsening  \r\nworsen\r\nworse\r\nbenign \r\nmalign  \r\nmild  \r\nsevere  \r\naggravated\r\naggravate\r\ntumor\r\ncancer\r\nfever\r\nheadache\r\ncold\r\nflu\r\npneumonia\r\nwill I\r\nwill i get\r\nhow can I get it\r\ncan i attend\r\ncan I go\r\ncan i\r\nflight cancelled\r\ntrain cancelled\r\nbus cancelled\r\nship cancelled\r\ntaxi cancelled\r\ncancellation\r\nrequest for refund\r\nrefund\r\nreschedule\r\nhow can\r\nhow far\r\nhow is\r\nhow was\r\nany help\r\ncall police\r\ncall cops\r\ncall ambulance",
  "status" : "READY",
  "modifiedDate" : 1588003222300
} ]