[ {
  "id" : "id-all",
  "name" : "All",
  "createdDate" : 0,
  "documents" : [ "bc60f280-889b-11ea-ade0-c1616c533c4a-0" ],
  "type" : "ALL",
  "modifiedDate" : 0,
  "count" : 1
}, {
  "id" : "bc60f280-889b-11ea-ade0-c1616c533c4a",
  "name" : "Ent_Annotation.txt_set",
  "createdDate" : 1588001305000,
  "documents" : [ "bc60f280-889b-11ea-ade0-c1616c533c4a-0" ],
  "type" : "SOURCE",
  "modifiedDate" : 1588001305000,
  "count" : 1
}, {
  "id" : "7c6ec4c0-8929-11ea-b4d6-29a88b8695ba",
  "name" : "Training",
  "createdDate" : 1588062186252,
  "documents" : [ "bc60f280-889b-11ea-ade0-c1616c533c4a-0" ],
  "type" : "TRAINING",
  "modifiedDate" : 1588062186252,
  "count" : 1
} ]