status_id,user_id,created_at,screen_name,text,source,reply_to_status_id,reply_to_user_id,reply_to_screen_name,is_quote,is_retweet,favourites_count,retweet_count,country_code,place_full_name,place_type,followers_count,friends_count,account_lang,account_created_at,verified,lang
1.24E+018,3520752864,2020-03-12T00:00:00Z,arun,"Despite orders to allow newspaper vendors to distribute papers, they are not being allowed to enter in our area. So, the vendors are dropping the copies at the entry gate. Please help.",TweetDeck,,,,FALSE,FALSE,3,37,,,,118670,16,,2015-09-11T00:05:21Z,TRUE,en
,,,viral,"My grandfather, 90 has been ill for the past three-four days. My mother generally stays with my grandparents but had come to meet us and got stuck. I want to visit them and can I go on my bike. How can this be done?",,,,,,,,,,,,,,,,,
,,,anoop,I can volunteer to distribute food supplies. I can be available.,,,,,,,,,,,,,,,,,
,,,kunal,"मेरे माता-पिता जो मेरे भाई से मिलने आए थे, जो शहर में डॉक्टर हैं। वे दोनों उम्र से संबंधित बीमारियों वाले वरिष्ठ नागरिक हैं और मेरे भाई के ड्यूटी पर होने के बाद से कोविद -19 को पकड़ने का अधिक खतरा है। हम उन्हें वापस करने के लिए एक पास कैसे प्राप्त कर सकते हैं? किसी भी तरह की सहायता को आभार समझेंगे।
",,,,,,,,,,,,,,,,,
